Prenom,Valeur
Guillaume,78.57731958762886
Rafael,17.601604278074866